{
  "name": "robotodraft",
  "version": "1.1.0",
  "homepage": "https://github.com/raibutera/robotodraft",
  "authors": [
    "FontFaceKit",
    "Rai Butera"
  ],
  "description": "Google's 'RobotoDraft' version of Google's Roboto Font",
  "main": "robotodraft.scss",
  "keywords": [
    "scss"
  ],
  "license": "Apache 2.0",
  "_release": "1.1.0",
  "_resolution": {
    "type": "version",
    "tag": "1.1.0",
    "commit": "4675ea9650a26d4a786e668ba2ed937a7a0eeb3c"
  },
  "_source": "https://github.com/raibutera/robotodraft.git",
  "_target": "^1.1.0",
  "_originalSource": "robotodraft",
  "_direct": true
}