{
  "name": "ion-md-input",
  "version": "1.0.4",
  "authors": [
    "mhartington <mikehartington@gmail.com>"
  ],
  "description": "A material design inspired text input for Ionic Framework",
  "main": "ion-md-input.js",
  "keywords": [
    "ionic",
    "angular",
    "material",
    "design"
  ],
  "license": "MIT",
  "homepage": "github.com/mhartington/ion-md-input",
  "ignore": [
    "**/.*",
    "node_modules",
    "bower_components",
    "test",
    "tests"
  ],
  "_release": "1.0.4",
  "_resolution": {
    "type": "version",
    "tag": "v1.0.4",
    "commit": "6bed0d4819f74bb247820ac38db0dbb908c99bb2"
  },
  "_source": "https://github.com/mhartington/ion-md-input.git",
  "_target": "^1.0.4",
  "_originalSource": "ion-md-input",
  "_direct": true
}